0.07132549328670734,0.03081641864229492,0.01449734988014992,0.1107782966598296,-0.05526144469893911,-0.008141744899210806,-0.0005297528119085147,0.0748667377816321,0.03616798332667202,0.1006121557183544,0.005109596627838321,-0.01924362436841796,-0.007788051387388687,0.007951760060483438,-0.03499905750661806,0.0197661709310027,0.112541911805126,0.02492917604212572,-0.09851712099847131,-0.09282979267400854,0.07041975913690279,0.02235930052319987,-0.02766849864936988,0.05106925393962333
0.08847607225751859,0.04206792484482058,0.1287864054340193,0.01548819895132401,-0.07892179810900606,-0.01325571367444006,-0.01821754841478439,0.05862921372865747,-0.1346032809418974,0.07538871097330536,0.01926944039090531,0.009859452874809166,0.03207216779198922,0.08224505371483833,0.06601581353447052,-0.08737239609159481,-0.1704040524582727,0.01983932864962325,0.104333146528839,0.01936381456282287,-0.1033569440654795,0.01001518893406494,-0.02750734381680864,0.2609445023332371
0.1791255335610263,-0.1843369474552856,0.0674692091071018,-0.1270348885853627,0.5578323110383853,-0.002440718652615087,-0.07021280798552683,0.3748139490849838,0.09698005383131368,0.210727982849736,-0.3814486751840533,-0.2379386318474715,0.03520802634042437,-0.1757189720110469,-0.07767184077205118,-0.1982544443368576,-0.1178953229001386,-0.1091133181125462,-0.02037284655571075,-0.03939498098831417,0.08479815721097181,0.1231147360444765,0.07415079098307856,-0.04394992743449311
0.0760161451300269,0.006592673517488595,0.02279021111920164,0.1286453869862947,-0.04933425386226865,-0.001714238608275679,0.02951135192859572,0.001848789387421117,0.02165682287322626,0.0682609269228289,-0.02632835408005782,-0.06045549547267241,0.03410804391643208,-0.0171609392026985,-0.03776302070114476,0.02092609068194111,0.05333684607783936,0.008478380072521489,-0.1291585962933565,-0.07528623943401477,0.01363914872180199,-0.01752766484325489,0.07448262623045498,0.03586877567026944
0.06643460286753798,0.06177507152360021,0.009585792571405103,0.09780819114260199,-0.05911105559707128,-0.02955844598708702,-0.03894790804823457,0.1802860625792095,0.005390837502946093,0.1133589337391697,0.03178217609563107,0.07662515099499188,-0.1457746786482257,0.009861453395641243,-0.05517085859394989,0.005112065467800407,0.1734995395150016,0.05722070346617436,0.07177456646156276,-0.08755803041613888,0.1939858452250515,0.05382946067513238,-0.09761720775094494,-0.02459206916426432
0.09918403315654359,-0.0492397452854785,0.01933245223923891,0.1466508844264484,-0.006138744149265806,-0.01169651714633572,0.06285870996415355,-0.1029791369963525,0.008129365819642371,-0.1059789491472613,-0.08647147128589329,0.004656621885959974,-0.02316158795397025,-0.05812095226196124,-0.01344725417452604,-0.02635210481362106,0.001253625337708561,0.02114401299422158,0.03841345683435172,-0.03566447140621325,0.02091895320194346,-0.00869227705968386,0.02517584939467384,0.07847979048627732
0.08344773965466805,0.01025945859161177,0.067306631717716,0.101302105702825,-0.04144260518839442,-0.003308917796602499,0.01800404208725324,-0.0052110391097254,-0.08212778558952204,0.08426129009525579,-0.0008686633715817541,-0.05890057605830876,0.02892589410521639,0.02043386440272395,0.004896088811211323,0.03209590733467562,-0.05272462024699722,-0.02298031580818381,-0.0193488198964305,0.05408781524788217,-0.02174075057904423,0.008496835220633636,-0.003069650179395355,-0.09328507085005337
0.1724813889588422,-0.1001901571698786,-0.1769393835026625,-0.1533716866617645,-0.1198290282835684,0.2976952617322574,-0.03440743942826236,0.1252250997655142,-0.3073968507077366,-0.1784736537036745,0.020589367216154,-0.407075964082278,-0.1214389093189949,0.1559337435241491,0.1781986570548897,0.02412059869565816,0.4036041228016202,0.0756146330886814,0.06335165207856128,-0.04092556244853699,-0.2032388990728605,0.07582878037486936,0.2125969675520049,0.03737237964705601
0.07126443965985425,0.03231146449125594,0.07678288136049922,0.1029442638746827,-0.0824035047543451,-0.01392688062905757,0.00842963918839316,0.07777230562725118,-0.1488806924123779,0.1965585315744827,0.0006818785175406811,-0.1117929244374323,0.07093257412882394,0.1399929541523497,0.002794635279083394,0.02782529647435525,-0.1300123847070032,0.1261385565207442,-0.02651598479421182,0.1334576321930014,-0.02896756093648114,-0.196758947749239,-0.1283972867569599,0.05498093820300579
0.1143488021161434,0.1413713412231518,-0.04454886407188011,-0.0492431801607895,0.03913063855728315,-0.02389028995332041,0.08655171103228908,0.01949682330483031,0.02345245076168294,0.003072202866844796,0.02976355133145031,0.05607822145167694,-0.008269856400645257,-0.02949769661841697,0.01011593907985028,0.04335314476045912,0.03761730275119091,-0.04141172130687575,0.03949523494395193,0.1632796374080239,0.02298838990232994,-0.009767010175749897,0.09099696007802228,0.06537193185894523
0.1075130170848301,0.3914756654876865,-0.1507050017592146,-0.02059723762740441,0.1378453106294472,-0.4066797684252803,-0.1531434990785573,-0.1459932897023189,-0.05156795520887884,-0.0459891200717077,0.001868364858670614,-0.3045761459988989,0.009426423771596562,0.0159820878935811,0.2022311294712884,-0.04662763884798837,0.08268099754676511,0.02286413679860694,0.05418467910303697,-0.4087229346001205,0.01501508603579523,0.008511683765951124,-0.2079619531922302,-0.0003226345468617866
0.07620856439901372,0.0152584309666527,0.05983669586397986,0.1166651482159007,-0.05609921209059007,-0.005733056600359624,0.02239513970352747,0.01229876347667983,-0.086916638713713,0.1242608273238973,-0.0111292748999947,-0.09220139510135149,0.05175212694569575,0.04195020084436237,-0.01571619615991191,0.04456527745599898,-0.03675544299361884,0.01356379896218198,-0.06776726196035471,0.06959443868721482,-0.00202024394604594,-0.05463284334848707,0.0007562208718041156,-0.09237397220302915
0.1069658709578712,0.009267370839265444,0.1124426696798635,-0.01092943297709676,0.02046599777897645,0.01128166068273099,0.007295461445470951,-0.00583673255007646,-0.02336211883939741,0.02739101002982873,0.03208923427062139,0.001939975203566361,-0.03938692604113299,-0.01376016335201499,0.04185711920521816,0.07102214236789502,-0.09640222276955608,-0.02225339875766723,0.101285662810291,-0.05980458206345651,-0.03538233845503919,0.05014011331650652,0.03575669441133383,-0.02145932254757082
0.09160721867342721,-0.02194733386496752,0.04985809525965516,0.1298701064978472,-0.01041786882686165,-0.001110818115768246,0.04162059491419288,-0.07241139863858116,-0.05151429030019424,-0.01019851998539721,-0.03464989177683828,-0.03503672634149859,0.006398573896600605,-0.05036755787626779,-0.01223776972765273,0.02098082556576788,-0.001322161042668742,-0.07121416346657074,0.00466878788032607,0.007274863351627369,-0.01731819739502907,0.02666174833148047,-0.003910772885766648,-0.1053802065397031
0.09268771356531801,0.02665110247909101,0.009448947529306889,0.06213581477388903,-0.02623738678088466,0.0009048033376357515,0.001629962476162712,0.04844572880975764,0.04089605508142421,0.01553053542978925,0.007670381606779044,0.03129666589656328,-0.02924563961967698,-0.02342271448244979,0.01519054908986954,0.01084172597672582,-0.0002106965623383354,-0.0002484767258853278,0.004583220565312559,-0.003081310191949374,-0.02681342227372851,-0.003735771284640732,0.02845225690617743,0.001482065991186276
0.1243745234877441,0.180740815420918,-0.15135536125565,-0.03290906926115805,0.06299985953702356,0.08290056098444834,-0.1348830945362886,-0.1425551434707512,-0.02897487953210641,0.1033114933810923,-0.08002779475913799,0.1381578415795758,0.1398830855557605,-0.04995511221688249,-0.04215427085523253,0.02435258784582082,0.0009892879013068464,0.02534582839236472,0.02212514118607135,0.177520027845217,0.02600194838554582,-0.02986037296335327,0.08691637429751467,0.001675668846380313
0.1350873019391415,0.03816721082528846,-0.01062102888620199,-0.109259643356227,0.08136744992098432,0.06587478008869546,0.207070853961709,0.04103063225838346,0.02464484276676718,0.05948008719054041,-0.008134928322652703,0.1273711205582949,-0.1368654621356843,-0.1668797570940261,0.302387919777837,0.2071160230251812,-0.1189326032777197,-0.1291125300216596,0.01899354409504517,-0.1191002283277481,0.05487000373865394,-0.1739429765633432,-0.04904513222644361,0.06190947899039643
0.1164918419901566,0.2720961395359973,-0.1716124399226725,-0.01023895211998349,0.1075184368436132,-0.08056707897908777,-0.2788690252501046,-0.2640761201813735,0.007892266704581274,0.2081040883861659,-0.1278522314824229,0.09122059105758956,0.3341698838870156,-0.1376562930975723,0.2215580596158872,0.08221285722044834,0.1321539370089707,0.1817492687293321,0.09084995123154677,0.1880752923821152,-0.003944606639696293,-0.003118260825305384,0.1038345847782763,-0.01247500557136215
0.143856532620385,0.1854672596700815,-0.08720609885261732,-0.1649975579582409,0.1415172031833411,0.07557797154760251,0.6783231583791478,-0.2110005115249481,0.1165810986564734,0.2967407192855515,0.1949268267134649,-0.01391623152647989,-0.009484161302415113,0.1608290575682616,-0.06433015512390414,-0.3696639194272828,0.1543090803391924,-0.02247150459859651,0.1161567151808296,0.03385802890451759,0.00128334778450791,-0.01210914168445606,0.02779027510914151,-0.03336698153941191
0.1020867024901743,0.04364973216537044,-0.07553583190150868,0.05048092876029796,-0.03912243423321538,0.07009953390994708,-0.1013288100652048,0.04463979651288339,0.2155764456825125,-0.03132508937947086,0.06411656953523323,0.01169054933435336,0.05609111872810681,0.03011766413441059,-0.01336312124640627,-0.02343768690388614,-0.01742693033025117,-0.1477466183225699,0.03115497921638805,0.1633165164356994,-0.2074297557488742,-0.05215451204848411,-0.03996587204528788,-0.005967001209118937
0.06835952628224157,0.04279704408641781,0.02117998524895003,0.1048176026612071,-0.06073056589892819,-0.01729500425045297,-0.009380531107903212,0.1192748614031142,-0.003687360964641069,0.1248600008665425,0.01211366140598884,-0.004346862044572057,-0.04247051378720518,0.03334405453743373,-0.04365457823129458,0.02043730112056482,0.109219053982417,0.06149630373083564,-0.04131893904635789,-0.07834027710614481,0.1276345880844792,-0.02115198105670288,-0.08356714879567334,0.01964608111111728
0.1462616533403541,0.123096049846844,-0.1854403405616845,-0.09179644231232813,0.04154255489682788,0.3157801093307164,-0.0257943209531484,-0.09223381012006196,-0.2836239609782703,0.01056680188206311,-0.1410213601262729,0.260698209710401,-0.1120918343162652,0.005523503461854937,-0.3033319833509334,-0.0002555872061240848,-0.146686090684361,0.2296331162039399,-0.250241610474237,-0.2351652356775194,-0.107761493401056,0.234461173938817,-0.1267510223618243,-0.08377472600791638
0.09526011715020553,-0.0569794216939831,0.04726591142524669,0.2120247955534139,0.01140993962140109,-0.01186022786777956,0.09506781135307794,-0.1872981455704001,-0.1183857330272762,-0.1768563759230665,-0.1343741650549793,0.007685197331389283,-0.0523106121121377,-0.1840368263921989,-0.09356900658961496,-0.02541949571106526,0.0998129343419533,-0.1971960764142849,0.1842562247970136,-0.0002127455897400048,-0.06314256984102039,-0.03961106319554889,-0.2093043572412132,-0.0442686261965819
0.09941000052507791,0.008713061845517275,0.07697408909493864,0.03856329515747486,-0.001884090405632546,0.002513002839382032,0.01388930326896422,0.003218767812642239,-0.04066679045685217,0.026498013447506,0.01561450483554892,0.002324937678566855,-0.02044168227598805,-0.009131436767266044,0.03702842321334086,0.03697920110257807,-0.06823527839057625,-0.02971547832553086,0.0553877295847466,-0.01022274897023177,-0.02345914377603052,0.03139063344343287,0.001711928669189481,-0.03846495145101944
0.09864463465105895,0.002781928920781818,-0.02527539028944144,0.07081517328607,-0.03411495765840351,0.02198612042179919,-0.005385988306505042,0.0173593960906981,0.1298332340337953,-0.02061256753087563,0.01556192932032302,0.01031943596760353,0.008157864743624519,-0.007154751999224235,0.03050320979881482,-0.01995815987464569,-0.03298955317769188,0.01850657883816174,-0.05102902663140044,-0.034257379405167,-0.05511383424003857,0.01949558473739908,0.007732316113845695,0.01694811637154266
0.1295363472743976,-0.0908809671573403,0.2117341277599127,0.08620426354737515,0.3669320125736754,0.08065226893489927,-0.179844263518227,-0.1141386870421615,-0.09536773268948813,-0.09444023600855922,0.5957461771102011,0.140179521845458,0.05879226310762363,0.01171583191420696,0.03188484161955704,0.03332679902985907,0.1008241893002733,-0.0568066719575321,-0.1444104808681962,-0.1569370799759867,0.2178805870626035,-0.1360568736192971,0.1001604547091284,-0.02246672232950693
0.09913938419737095,-0.0005181193827415168,-0.06391132315685057,0.07912470968557171,-0.0657757128470331,0.06225942378478936,-0.04874250662016948,0.02080782209965116,0.3015857032103553,-0.05702946975176251,0.08642150322030166,-0.03715833155637933,0.1022237695809555,0.06337425169734434,0.007737162017674069,-0.093472645272396,-0.1460632711128837,0.03148313528119577,-0.1061688400391107,-0.0556196427145644,-0.2763721793562892,0.01276823722518324,-0.1590967587760871,-0.08821985486030538
0.1381226913455462,-0.04305352919456264,-0.08614113021974452,-0.04114652955640653,-0.02570575048776994,0.09539082642943135,0.009978351307471644,0.03627204763692263,0.02115449323181493,-0.05104869662804991,0.01176044067584317,-0.01969206295790723,-0.04845068521698705,-0.01436524018041713,0.1983317145436317,0.01529838268674536,-0.0621207432585035,-0.05534901000551088,-0.08084577855396788,-0.008368349481326479,0.1035231542903707,-0.09218760954170906,-0.05004415355363748,-0.03443782379769215
0.09881540635662286,0.0251298571504514,-0.06281782437992621,0.06474830778898483,-0.04788603314844881,0.05794024239404173,-0.07066931139588419,0.03962680110049881,0.2343369971225812,-0.03153625684795835,0.06762971129334558,0.001239512666251702,0.05827566582488571,0.02938670652388701,0.001459062976839977,-0.04517721536771535,-0.03935500873056197,-0.07396212198320228,-0.03386779027651176,0.05712753128888819,-0.2217536998450678,-0.003340605955338873,-0.08545200474406073,-0.01838508535600988
0.07908358362457614,0.08002599436141491,0.0234407267581896,0.05731706780571672,-0.05310315864742395,-0.04399227628753018,-0.03366001177957895,0.1935734507555329,-0.05156281748658521,0.01789348417600558,0.02446166666976715,0.1462404348095275,-0.1728297203112011,-0.0311921530662148,-0.04743399296812889,-0.04120450792531247,-0.02738195988843973,0.09495616943034783,0.1992768862974815,0.01619234838452209,-0.03872396550294171,-0.1072007977283042,0.0875251523112044,-0.1330572198033248
0.09737513530865732,0.08330198529095637,-0.03868810718912639,0.03225967128157424,-0.01264804141623771,-0.001532597017834953,-0.06173294912019253,0.07782595930579017,0.07382308170460086,-0.002009131062579648,0.02373412321743824,0.1121836735650044,-0.06961193804475276,-0.06482617837061877,0.02154293942994758,0.02642688433304211,0.04004498186968172,-0.05063949650107959,0.09868924208349161,0.2068244304674753,-0.09635188535293425,-0.01049776673965089,0.1634362044612125,-0.04342890355463815
0.1288028510698522,-0.0654943737687274,-0.0434993833152903,0.01568348543538546,-0.006550781039762575,0.01655588663201884,0.0268539962210105,-0.004156848555134654,0.0722102776701455,-0.06134844643816897,-0.01686817371649524,0.01499749923804029,-0.02917318500458011,-0.0002953261131877417,0.1536731278496373,-0.004387153655422843,-0.09694898635941328,0.04160402474854171,-0.04328289632451852,-0.01568987930457786,0.1598086690676757,-0.02651589636281494,-0.009631591954407668,-0.0174660056464104
0.09356447299236492,0.09690122075480848,0.166994684365686,-0.09137328511598587,-0.1400045481095871,-0.05549324765383396,0.02321713295233333,0.2375984855023394,-0.1663284965578387,-0.2032722417433354,-0.05081500752567217,0.2358190517730407,0.2153841050855039,-0.03900067189036011,0.02643827480262797,-0.3205430084140455,-0.06413619713717215,0.0287546367014697,0.08567920555922046,-0.1818421279901121,-0.1207057300089761,-0.1861188071971681,0.0719847423188906,-0.05963059791955493
0.06539958585178729,0.0314251607916249,0.05713090884810308,0.1187484885811461,-0.07923463583436843,-0.01389714928163462,0.0166015079054653,0.08990918191926581,-0.1178377985665065,0.2184733378355178,-0.008341138072760913,-0.1356668292659426,0.07196732944270712,0.1387480135773898,-0.03179182840638291,0.06383725033777146,-0.0430135984732295,0.1480457863302098,-0.1044090351164962,0.09584272180649446,0.08025081397796248,-0.2458280260186719,-0.1412472157747362,-0.02055262401714662
0.1164911414527979,-0.07235728565371721,-0.02202499512663212,0.08975633793010372,-0.01433270628813093,-0.01538293220851315,0.04464597265614731,-0.06668987699287308,0.09497065271154249,-0.1184715925279621,-0.05576773624972778,0.02479456318957859,-0.01885680504531611,0.03297102411916295,0.06990419565148306,-0.04210780097356411,-0.1012179386718272,0.1792392240465174,0.0120580206235029,-0.0183242356145442,0.1520816967048916,0.04740087202123749,0.07357564052715092,0.03538026824058471
0.09548164110860889,-0.01657417213627877,0.07454708055066293,0.1018240923221785,0.002815635524991383,0.003299728131044229,0.02202558833855232,-0.06411616507827042,-0.07724822056941662,0.01275938155937972,0.005856567743042881,-0.02702494590541302,-0.001114750914533135,-0.02693908946494943,0.02098914866832221,0.03587135248998919,-0.03390066190443757,-0.09695270891771139,0.03167123081441647,0.0264074229048979,-0.01669439718149851,0.08813014270305766,-0.04519340773751813,-0.1680123611629694
0.2135105267738069,-0.3194470570034418,-0.1900735505904309,-0.2184504075123166,-0.2068898771242777,-0.2786462151818976,-0.03820147049448677,-0.0611128851200485,-0.05898154800111131,0.150497186820331,0.209592513594975,0.03397668005287777,0.06530575688468164,-0.3618940333333269,-0.2684900538648268,-0.04204585347319009,-0.09126965932352549,-0.06110858328727079,0.04996721699038321,-0.09239169416690939,2.299192759453388e-08,-0.03133100582067783,-0.1968497559079182,0.1218412277672754
0.09909096311616392,-0.04340134679816124,0.06223968898495866,0.1477223228563577,0.02501919223297725,-0.002456842320322292,0.04732838334702441,-0.1199385906791534,-0.09279783552912621,-0.0765809242173424,-0.03681546332490317,-0.004465428234347743,-0.01744851796327702,-0.08043573904280402,-0.01184019787535734,0.01467426649760735,0.03435431625680857,-0.1404207590400085,0.08641146464358369,0.02308083145114619,-0.02460761954451191,0.06554818564695776,-0.156795199983384,-0.1816642642059524
0.2113995037090415,-0.3366476332318188,-0.1380299874655942,-0.1230476523529335,0.004166907269777363,-0.4151079705985681,-0.01793105731436552,-0.06822770958299963,-0.02292543823522994,0.09870426085461975,-0.1434267941963138,0.2954501434631488,-0.001324814586442314,0.5558164229086456,-0.01932429647211122,0.1820189477356167,0.09381985624521752,-0.1800358409141239,-0.07439243044692653,-0.1144123038739779,-0.1257399067894841,-0.03619925727798879,0.194613951184745,-0.09469008901266293
0.1158126065128023,0.05009786936533033,0.2137178197981812,-0.1797854509038141,-0.02096665838373372,0.01813875302640757,0.04422244320220661,-0.01879671765247702,0.112519114420919,-0.03992929711024752,-0.04195557566590067,-0.05758111862356806,0.05719023116445145,-0.03086264287701063,-0.08267499681427778,0.285663417560696,0.0179698831080181,0.1245290045291079,0.1228261572760464,-0.1049942142888117,-0.0960662723131432,-0.0004705064641550292,0.004070851948288231,-0.1163127655714159
0.1091518089354417,0.006491013537797122,-0.06218649115577705,0.04078016325070168,-0.04038295878452735,0.06160352734132019,-0.03948694675369742,0.02684913211770449,0.1680571541144975,-0.04584046254076438,0.04469215434890535,-0.01600485673215775,0.03668895678467295,0.03650511096785287,0.02761909131665776,-0.03309374772005501,-0.07799674132434709,-0.01930808159860884,-0.01324081402604362,0.01915515182329531,-0.07432676161893442,-0.01546619060293043,-0.03693739751165907,-0.0512632132819759
0.1028278643304118,0.04932236157215598,0.07445172068494853,-0.02200164464769848,-0.01101750673023709,-0.009299931529669148,0.04318734708579623,0.0725595952514821,-0.01886246137026284,-0.01379687012709433,0.0114715099751765,0.04700736578419093,-0.01864179439975692,-0.0245733868881025,0.01662847541677002,0.05694378059667917,-0.06731043734817453,0.007706847922729006,0.08276713174145107,-0.01314539391024795,-0.03358958438095713,-0.02603705402175946,0.03284048520123194,0.00617828392927171
0.1989481575417675,-0.2588036806269587,-0.1808408233340394,-0.1929595793508029,-0.1974992900863154,-0.09953643150852309,-0.03319051476933726,-0.0003475604107052334,-0.09006056836837471,0.03587814652972958,0.1935263891056581,-0.1843038249791094,0.04698952463837548,-0.2767687260213951,0.007433292119167751,-0.08108085842869585,0.0451400158750716,0.1796744428748389,0.0261259333194301,0.218916668820998,0.07434557387020437,0.0720214067780648,0.04861888796876383,-0.05372923639673208
0.08386110757129238,0.02805970552025338,0.08978225549468681,0.06779165758948598,-0.05856089917235757,-0.009265832402254488,0.0004184358058375865,0.03882022856540773,-0.114114923246871,0.1014059763610948,0.01543376565223813,-0.03511688357714121,0.02422433662577077,0.06419885557365332,0.03033576765060229,-0.005225622402040144,-0.1188723569882806,0.01875510192360005,0.03887959618578297,0.06139037312568094,-0.05632832175736546,-0.0134322249376118,-0.03662870590385058,0.03775265351676578
0.1106016314085706,0.1244003477610891,0.1144627810288911,-0.1426582017253648,-0.03648326335185833,-0.05537198923614235,0.2356579560692713,0.1596182187684195,0.02591758937050872,-0.2361172588538478,0.0242163018308996,-0.0003942957481348485,0.2828037739165157,0.01344237240214033,-0.1448342642179855,0.3003110769463201,0.1241386211139098,-0.02343730846352815,-0.2986534412938805,0.2689876734320026,0.211351867191943,0.1980847148544911,-0.1332629678114033,0.143430475331144
0.1045970203663438,-0.03893718288677922,-0.008057682644774907,0.09491342501837274,-0.01973718148914507,0.001031565183710261,0.0350386149501392,-0.04251167744149724,0.08689755731731082,-0.06781919730850008,-0.03461171977006296,0.006143170617168341,-0.004615314350337046,-0.008916801597715683,0.03908052672211343,-0.02737093219430294,-0.06204646567451041,0.08388093042196035,-0.02721998462250032,-0.05360901770139853,0.04123700272773318,0.01751174503035866,0.05152367778719145,0.04480440664402955
0.1113824168037459,0.04352517144948003,0.251194128529395,-0.1778176820164142,-0.06564522524849546,0.0208233702457015,-0.05440087454496472,-0.0815907728113666,0.08079729529260629,-0.004303362912762689,-0.0407350097605064,-0.03219941959376736,-0.01734633130866521,0.0007587218246470937,-0.02822032538908139,0.07110269037560643,0.01799369911694443,0.04523579321062454,0.0406601318785917,-0.06338262455886487,-0.03192223013684498,0.02933136933932992,0.04525156780278794,-0.04260770001791901
0.0747292780048682,0.0149662710473201,0.01559177495360507,0.1204432667093884,-0.05152839281403864,-0.002140807979982532,0.01716826849933459,0.02802971809004251,0.04440717252365263,0.07560610367293563,-0.01187920894283638,-0.04241136519525808,0.02234051337267594,-0.009595412304756695,-0.0330264413510493,0.01634124436332829,0.07703905128568064,0.01493147588494331,-0.1306176001419741,-0.09709675308329059,0.02273480490027886,0.007930847326386053,0.03677104513735197,0.06091798747606761
0.08528259070626766,0.01644252122617271,-0.0113812828978112,0.09617810792959464,-0.04384309148082986,0.009160513805515469,-0.007215987533747729,0.03323697564144573,0.1228733432251647,0.01936036770355931,0.0143617169429637,0.009599651857498819,0.005964780435118984,-0.02000911349443074,0.0001719282483133938,-0.0138108564948557,0.0415440909529191,0.004156969528312149,-0.08940906061674092,-0.0744402832158965,-0.06620153151902863,0.05219596385820403,0.00683408958409151,0.06785510592129516
0.07044196187235337,0.04922963134122905,-0.01614422409237857,0.1046215374564787,-0.05071034636850107,-0.005610003967261434,-0.05004630611792401,0.1105960914967264,0.1401805118794709,0.08240377208070794,0.04549255454805463,0.06488123265749506,-0.06015351430172058,-0.03422493290160244,-0.01826619695208033,0.004029264754552852,0.2483354704574263,-0.06303330254995802,-0.07036114468150316,-0.08382987102782613,0.02491723238256498,0.2252320274827205,-0.0825189143477689,0.1173149807010681
0.1218866150576619,0.05330326137685314,0.1635140775673583,-0.1744439729915732,0.03491913207742046,0.02164008590126514,0.1540217939305411,0.02745269616612009,0.1388197731478543,-0.03206744273217019,-0.02329799493325435,-0.08226557987827013,0.06502273913795624,-0.04875402130017368,-0.08232486084830233,0.4634818479228616,-0.03192020679004783,0.1320674589891223,0.2570971062284739,-0.1801331902029248,-0.1153961660072861,0.005333744782379555,-0.0137118782164856,0.04577404615850655
0.09712926219529386,0.01563214288435029,0.1929205951558777,-0.00890132902657321,-0.05770216955560556,0.01685062396818715,-0.08186293258541971,-0.1024485563723582,-0.1137151007677873,0.1259248748801171,0.103292427334541,-0.02734059217774764,-0.04970581477870979,0.1082743501404203,0.160505385281088,-0.04713882574271326,-0.2007034400325407,-0.1641867439248575,0.03563627120942536,0.04579788739328897,0.02122852711841876,0.4443074801962624,0.07259746791351296,0.2181962298931509
0.1142373865444951,0.03782984796786908,0.3839077374229649,-0.3037281897182973,-0.1625692746453256,0.04929419599233133,-0.2634529820385667,-0.3415681888850108,0.2272237199863067,0.08342149523541566,-0.1495978680733259,-0.09269727693609163,-0.4228431848740499,0.02401144582446212,-0.1030779392988331,-0.1515458936186508,0.1078133814238513,0.008233651858132294,-0.1781895694643929,0.1230066701658016,0.07937060158447608,-0.1880817455125291,-0.05261465257127598,-0.03560828015854348
0.1307829837162038,-0.01664387001021568,-0.1210768422183378,-0.01216346055840537,-0.07571814226660478,0.1755088508941322,-0.08660081494414221,0.04695804602503431,0.1415116008379723,-0.130384385661983,0.08333573245259324,-0.234940639266827,0.1114777347785877,0.2406151548568795,-0.1052202305942121,-0.07530038739570658,-0.1263454576674926,-0.07639921045164985,0.1891853262617261,-0.09528875440552798,0.1581108028180082,-0.03932331915218176,-0.09722994909439363,-0.2019807255093961
0.08291152916856798,0.01880173645032313,-0.01065772651329885,0.09994053962581553,-0.04600403903699835,0.0078631293170163,-0.008657042669755404,0.03784273509177621,0.1251582311133744,0.02785231499810573,0.01572549033027492,0.009036796516710868,0.006040516179578802,-0.02093132062944291,-0.004270290849586494,-0.01269129303461269,0.05894482176288884,0.0005331919054496571,-0.09983802871489414,-0.0853547795546942,-0.06476849883755756,0.06247404985075728,0.0009907366630517161,0.07871329110613109
0.1286679745341821,0.09984785929471043,-0.1575859362394925,-0.02480306117684541,-0.003114776886838603,0.2248938776698335,-0.1916396121086159,-0.01942124405055012,-0.01176361774020313,-0.0603519244697805,-0.04707623019672923,-0.04432912810341846,0.110889393812998,0.165046955767546,-0.2876700457626317,0.06047583227199266,-0.03494850645774804,-0.3904366280461422,0.2394270706615207,0.01929419733106464,0.3206546283857702,-0.1901985125263841,0.02620099261752453,0.2508693235345845
0.1533385459493417,-0.1528262154608244,0.0246608154223477,0.02639025185152867,0.2439503970992093,-0.06178516564452508,0.0007816385866284791,0.04124749439421189,-0.03538021208998173,-0.09108025224989733,-0.1669791408497994,0.03272988511931962,-0.01579565132991214,0.1472492287701587,0.07520738341254532,-0.05551073213827577,0.1639450610957489,0.07599758851549425,-0.04508722790413896,0.2679965545332061,-0.08505310982792857,-0.02497966585897158,-0.2865721746265766,0.1099710576396018
0.0690167112627301,0.03361460876412103,0.0325491024132005,0.1106148681953582,-0.06286844106243454,-0.0135377852939685,0.005793294459161088,0.09008800238077774,-0.03109434952325216,0.1377178425388735,-0.0003512294598781565,-0.04877233027135695,0.002440887243124049,0.04966690253716801,-0.04051259692173321,0.03186513573596558,0.0612196725687041,0.07036432522679009,-0.07640312163578074,-0.04204970230027477,0.09927722387622122,-0.07725864222120882,-0.06388020635207768,0.007418117113769342
0.1014595727545923,0.08318015600405308,0.2420251101293506,-0.173958110660109,-0.1699004552495958,-0.02763644697010413,-0.01380828608769421,0.08315867342164521,-0.06105775418559998,-0.1822610095931645,-0.1256274391021011,0.1376951662939269,0.3632555344009846,-0.03432618560184439,0.08158938843228529,-0.2982131290146258,0.2264179606363335,-0.1014654887443593,-0.1236874265268388,-0.05919961190219764,0.1176067887513301,0.001536512503491235,-0.0015195709927357,-0.2003022564056055
0.06883210534288206,0.08213983061223221,-0.01080595142085844,0.09139929792416451,-0.04822524380521364,-0.04023932411505983,-0.08458627467284087,0.2059983964033343,0.04527921349269747,0.07285871434545514,0.04843034118195332,0.177902596334168,-0.24722807390189,-0.06407792574018316,-0.04518660545145939,-0.0006910660244793918,0.2484411875703421,-0.006035793304925032,0.1939642826935392,0.04206834976745492,0.1583198749522571,0.193887755204365,0.06420720080995282,-0.09312194586581429
0.1050945294225221,0.3569776252702622,-0.09922727801934697,-0.04117945556038281,0.09023192381069478,-0.376545281247714,0.03647518970494591,0.1032547164148082,-0.1049126544590103,-0.3313604580189478,0.1100119441816148,-0.1668184139435444,-0.3067681486457253,0.02343357756600999,-0.2103108101641806,-0.03894150642497039,-0.2275472682881916,-0.07724937770391141,-0.2248009392193205,0.1924615386995285,-0.04595108409301225,-0.005233003037427706,0.1276549778392108,-0.01336681472873555
0.1259980279078071,-0.1000695946772503,-0.0495606297320271,0.07851016579592593,-0.04343198320625947,-0.03038886522466857,0.04430006367070524,-0.0824616316881559,0.1520498843408826,-0.1532912290384301,-0.04067865472797458,0.02384514035497419,-0.003896299852208791,0.1070311879810106,0.09055537173345067,-0.0673828159505804,-0.2119543455186916,0.3742569806222461,0.03128877821064902,0.009910056847374702,0.3306667142226069,0.1520524028823824,0.1970503062800553,-0.065252036137516
0.1215301557013343,-0.1072619227266697,0.01404043899068211,0.162583466321988,0.06216640768242233,-0.05265542238791378,0.07769756449588137,-0.1509758570816379,-0.04503613594730409,-0.2662400273462026,-0.1682451615835382,0.09827186374484108,-0.09642583137556025,0.053868652658052,0.02041403868056505,-0.05553628097410013,0.1138069313504415,0.1449575297066806,0.2306500996531268,0.1243863247875402,0.05873905974827062,0.004911450840768165,-0.2968535223822444,0.1643355154002661
0.1239771377654827,-0.001068034835509442,-0.07733781566862803,-0.007161928378644242,-0.02535737021335563,0.09050933195164186,-0.01954128071065988,0.03030722508881598,0.07958316352877703,-0.04720189604662366,0.02374941466086468,-0.0153809030877813,-0.00519137495180968,0.02215582049008064,0.08247966132451202,0.0005928138051765202,-0.06800165616313679,-0.05349174307338714,-0.009495094945284303,0.0141690680141527,0.02234749585342585,-0.06037947397113317,-0.02888858747917973,-0.04505111293099753
0.08090388916416745,-0.03320345740808548,0.02064222964026403,0.1930354565366752,-0.04188886095085177,-0.005945406277044926,0.09144527217661846,-0.1270962103331477,0.006203245773847479,-0.06613392949009296,-0.1317781706661585,-0.0603437314129291,0.01038869914803057,-0.1480746493047631,-0.1022661557560056,-0.02503191236696354,0.03428048397082874,-0.03815137514543649,-0.05897307688506826,-0.115345869867454,-0.04086565656186934,-0.1110836710483433,0.3051129864190864,0.2094597192551492
0.105142941057889,0.02586876002154673,-0.008630512989537294,0.02581685912215346,-0.00661869906559829,0.01619980931192299,0.01051209610745905,0.0425002260270088,0.05279265584566289,-0.004869826002757512,0.007793665868952688,0.0465389463731968,-0.03767295561973798,-0.0371420366286955,0.05711851541280815,0.02898343218713274,-0.02633171403904251,-0.02526280822655242,0.0163634529996138,0.0182656456869689,-0.02034902912050138,-0.02834349656201132,0.02689068098416141,-0.00283854104545678
0.07664563628327936,0.01026509044216403,0.06181550740173349,0.1239303744431722,-0.05362926592557316,-0.003827852479699234,0.02724499875003496,-0.007150087152261904,-0.09276679593920227,0.1209341611107502,-0.01512582086108456,-0.1028590297785123,0.05964171936220953,0.03220392893228797,-0.01740217316714775,0.05189036898640817,-0.03701403914901958,-0.007699220878659092,-0.0754771279498358,0.08356193925192607,-0.00913083511826202,-0.03830102771847398,0.01754006015753707,-0.1340855215898972
0.09279209903392154,-0.01279135099944302,0.1162656351716508,0.1066289225075643,-0.006525796283492048,0.01144106836135299,-0.001405509183907678,-0.1085374623690948,-0.1472104137826897,0.06449119915679827,0.06835325553299457,-0.05143000353515188,0.01379135674653127,0.001912689421386224,0.07152368619444929,0.06234322840110301,-0.09314717398525377,-0.2098014047970345,0.02896680361028664,0.08888458384612324,-0.005892050603084604,0.2997881230850075,-0.06323797284705929,-0.3794710404105181
0.07074659286956717,0.05913561677354323,0.03315528454650778,0.08567010156263676,-0.06651080113565602,-0.03147812854376036,-0.01964624979050085,0.1758949160707332,-0.06335868934381689,0.1042438668275965,0.01841202688819226,0.05348005792573555,-0.1065610068073027,0.04123721136139882,-0.04943193908086525,-0.01759614561955949,0.01134020443978939,0.1217886362156599,0.1029399880853337,-0.04979132172507365,0.07295116671721621,-0.1359549482335572,-0.08520576241638404,-0.01951439889596088
0.07520260431983804,-0.01408416914399782,0.03951644139079259,0.1747718872439777,-0.04570372999986604,-0.0009576845616053088,0.06967049663955906,-0.08598101671895433,-0.05394712657489724,0.04322030769930196,-0.08371502089025182,-0.1167918032421162,0.05997985634772639,-0.0861498786561419,-0.08943414147437982,0.04042320828005169,0.04048112468928596,-0.07432866619453922,-0.1161077444923671,-0.000948545863720962,-0.03013959665689374,-0.0829019469539328,0.2179812855093142,-0.08822702426996165
0.09862153425149267,0.07347799681988504,0.01948178997306163,0.004276327548694283,-0.01474463877457585,-0.02062785872640884,0.01927942874718042,0.1028009171253783,-0.002130197658221382,-0.02211800229465783,0.01739900336675471,0.09249656135111164,-0.06733991447812329,-0.04590731128878045,0.003833923584097035,0.0293295424892447,-0.03396896148942632,0.008592816358357706,0.08923973791720334,0.06675956754705119,-0.04590898419015001,-0.04460356122613959,0.09335761790013757,-0.0485284930907064
0.08383976429308498,-0.01021743292664034,0.0258461705518114,0.1331134901899481,-0.03609372207814585,-0.00106509884525684,0.04144474486738928,-0.03987890337131694,0.01181062432913935,0.01528067999993521,-0.04224505081246391,-0.04734564584082024,0.02304974360628854,-0.04222921883354966,-0.02985022987692173,0.008892305450703878,0.01686532952996753,-0.008352720558623371,-0.07855010728137057,-0.05513884023776765,-0.01101312948665193,-0.01433287750500362,0.08971603685916513,0.01978979986357618
0.08054879725460912,-0.02821248457124516,0.02755547262904052,0.1850346496655693,-0.0389329949186949,-0.004190940946687986,0.08246480505426163,-0.1146802280699182,-0.01682492434762083,-0.03771854067969628,-0.1125432560419875,-0.0714874271672836,0.02161514258181732,-0.1290175422582153,-0.09443234079479697,-0.004498079712075631,0.0393981822289368,-0.06005054599609848,-0.06229354970705888,-0.07423764767351698,-0.03995839606800972,-0.08992545060528623,0.2412848279953727,0.09282679287347009
0.09591250869420616,0.04374255602136858,0.1873822382728645,-0.0521660691273454,-0.09668446599553074,-0.003973897968102999,-0.05284156219116098,0.002432589610658649,-0.1050903379273067,0.05158027252870249,0.01286653090682521,0.02404232276585824,0.03838815845728465,0.08156976472064109,0.1079455875837629,-0.1544348845073182,-0.1342122117142135,-0.05379574461540281,0.0838681387197641,-0.0161830115005854,-0.05759088333474204,0.1517999648574544,0.02540219876691949,0.4168149001172236
0.1372439475677164,0.1169825412714357,-0.1576293306376706,-0.06678091651053253,0.03514700155424779,0.2189732440742071,-0.05141243521491297,-0.07258101762323085,-0.1398935566739966,0.02180156932082955,-0.0847921340133591,0.1527316551380598,-0.02098861127809624,0.006600538135991718,-0.1437061917647976,0.01664902472056592,-0.07152659472632802,0.02892109882039739,-0.09021163339642989,-0.04859878120752712,-0.003581318596803016,0.03693762007401929,-0.03530610491617782,-0.01113867374393273
0.1480217342069735,-0.02640269050029594,-0.09770826501465807,-0.09389927398334598,0.005918641270019972,0.1448776994482037,0.06407848506485889,0.05437640003222322,-0.09511528125137589,-0.01216969307033338,-0.02572660472156177,0.1024775925441832,-0.171791298597025,-0.1458917452142519,0.3956144760363636,0.08828497533613154,-0.02999687131692275,-0.1527763089526098,-0.2675616954242314,0.008887642440138522,-0.001867330524471696,-0.2160406859296296,-0.1130877041661673,0.0391202579274639
0.118378854272662,-0.05295565117154577,-0.03271939722730769,0.05080792433758213,-0.01740844323270762,0.01099683449116457,0.02527658890139437,-0.02098914523208026,0.1003891304671014,-0.07237393921818816,-0.01598367709201683,0.008096471786380864,-0.009141601630287518,0.01524886563006243,0.09443969537744594,-0.02406531883281527,-0.1030960776542955,0.09629039069808264,-0.02642481415572036,-0.02751529746137956,0.1091678015138993,0.01403788331129417,0.0259075833402125,-0.01503057109523927
0.1355775118578604,-0.1000214441629624,0.1610998318664548,0.05120526549213796,0.3562842855530729,0.0487495490899249,-0.1187672579677802,-0.01464510408888839,-0.04021682713121667,-0.06998316435021504,0.2503150575994736,0.004481315113763091,0.04333023441668146,0.01781973338250992,-0.1647874183884619,-0.05198249836397708,0.07706343352021587,0.2666682150789045,0.02229758464351128,0.07252486266481659,-0.2621622952384641,-0.0974511492559226,0.01528649989743379,0.0760263525938461
0.09329173137049074,0.07591981876519578,-0.01700401933511991,0.03812927507824392,-0.02047818132888542,-0.01362931296668097,-0.04028594217629274,0.098051884352165,0.04814828183669867,-0.0008969369399496942,0.02343449096749169,0.1104415305221486,-0.08862048988168969,-0.05938172065943165,0.008397928690886323,0.01633640053913082,0.02884286804302541,-0.01741167987702564,0.09826375813567099,0.1384920392241106,-0.07328681168264765,-0.007850027637760378,0.1381241644966705,-0.05951437294984317
0.07983657942715554,0.03307370724090056,-0.02983501784406813,0.1000354431119111,-0.05032239693221541,0.01600382539365007,-0.04490492720806655,0.06223896274445601,0.2024478097971892,0.0334635357602657,0.05013280161895628,0.03898706985863931,0.008130451378125134,-0.02806283465040501,0.0006497371512156929,-0.02409075779181514,0.1231475642481228,-0.0589053555430327,-0.1182346686445396,-0.065944719422558,-0.1660987961221881,0.1410219440286511,-0.07962642568579244,0.1138194078560019
